"State","Year","rate_sum"
"Alabama",1990,8.22699004975124
"Alabama",1991,9.0818407960199
"Alabama",1992,9.29689054726368
"Alabama",1993,9.18246268656717
"Alabama",1994,7.62213930348259
"Alabama",1995,7.60708955223881
"Alabama",1996,7.23519900497512
"Alabama",1997,6.91753731343284
"Alabama",1998,6.16703980099502
"Alabama",1999,6.62164179104478
"Alabama",2000,5.50348258706468
"Alabama",2001,6.25099502487562
"Alabama",2002,7.02549751243781
"Alabama",2003,7.07524875621891
"Alabama",2004,6.66592039800995
"Alabama",2005,5.18383084577114
"Alabama",2006,4.77437810945274
"Alabama",2007,4.89825870646766
"Alabama",2008,6.97723880597015
"Alabama",2009,13.1661691542289
"Alabama",2010,12.3606965174129
"Alabama",2011,11.2110696517413
"Alabama",2012,9.26057213930348
"Alabama",2013,8.50758706467662
"Alabama",2014,7.91716417910448
"Alabama",2015,7.03308457711443
"Alabama",2016,6.77375621890547
"Arizona",1990,8.28555555555556
"Arizona",1991,8.94055555555556
"Arizona",1992,11.7394444444444
"Arizona",1993,11.4633333333333
"Arizona",1994,11.4488888888889
"Arizona",1995,10.6511111111111
"Arizona",1996,11.6477777777778
"Arizona",1997,9.98444444444444
"Arizona",1998,9.54666666666667
"Arizona",1999,9.25166666666667
"Arizona",2000,6.05055555555556
"Arizona",2001,6.79666666666667
"Arizona",2002,7.80333333333333
"Arizona",2003,7.59722222222222
"Arizona",2004,7.00166666666667
"Arizona",2005,6.59944444444444
"Arizona",2006,5.985
"Arizona",2007,5.42
"Arizona",2008,8.07611111111111
"Arizona",2009,12.91
"Arizona",2010,13.06
"Arizona",2011,12.2194444444444
"Arizona",2012,11.2183333333333
"Arizona",2013,10.7216666666667
"Arizona",2014,9.47055555555556
"Arizona",2015,8.79166666666667
"Arizona",2016,7.73277777777778
"Arkansas",1990,7.64222222222222
"Arkansas",1991,8.295
"Arkansas",1992,7.97088888888889
"Arkansas",1993,6.95733333333333
"Arkansas",1994,6.17677777777778
"Arkansas",1995,5.672
"Arkansas",1996,6.42811111111111
"Arkansas",1997,6.31633333333333
"Arkansas",1998,6.29966666666667
"Arkansas",1999,5.62466666666667
"Arkansas",2000,4.83555555555556
"Arkansas",2001,5.65244444444444
"Arkansas",2002,6.195
"Arkansas",2003,6.736
"Arkansas",2004,6.534
"Arkansas",2005,6.08877777777778
"Arkansas",2006,5.891
"Arkansas",2007,6.04911111111111
"Arkansas",2008,6.21266666666667
"Arkansas",2009,8.66055555555556
"Arkansas",2010,9.10111111111111
"Arkansas",2011,9.30255555555556
"Arkansas",2012,8.53222222222222
"Arkansas",2013,8.305
"Arkansas",2014,6.968
"Arkansas",2015,6.016
"Arkansas",2016,4.65666666666667
"California",1990,8.30344827586207
"California",1991,8.36206896551724
"California",1992,12.0344827586207
"California",1993,12.0109195402299
"California",1994,10.8576149425287
"California",1995,10.6093390804598
"California",1996,9.9264367816092
"California",1997,9.16063218390805
"California",1998,8.76896551724138
"California",1999,7.4992816091954
"California",2000,6.27083333333333
"California",2001,6.62183908045977
"California",2002,7.60344827586207
"California",2003,7.92931034482759
"California",2004,7.52916666666667
"California",2005,6.81882183908046
"California",2006,6.28261494252874
"California",2007,6.7985632183908
"California",2008,8.65416666666667
"California",2009,12.4191091954023
"California",2010,13.893275862069
"California",2011,13.3257053291536
"California",2012,11.6379310344828
"California",2013,10.3836206896552
"California",2014,8.82025862068966
"California",2015,7.56336206896552
"California",2016,6.92021943573668
"Colorado",1990,5.26067708333333
"Colorado",1991,6.050390625
"Colorado",1992,7.47096354166667
"Colorado",1993,6.20924479166667
"Colorado",1994,4.94270833333333
"Colorado",1995,4.819921875
"Colorado",1996,5.227734375
"Colorado",1997,4.52200520833333
"Colorado",1998,4.74908854166667
"Colorado",1999,4.09739583333333
"Colorado",2000,3.298828125
"Colorado",2001,3.90455729166667
"Colorado",2002,5.01744791666667
"Colorado",2003,5.55143229166667
"Colorado",2004,5.20091145833333
"Colorado",2005,4.92473958333333
"Colorado",2006,4.21796875
"Colorado",2007,3.58020833333333
"Colorado",2008,4.62421875
"Colorado",2009,6.5203125
"Colorado",2010,8.60859375
"Colorado",2011,8.276953125
"Colorado",2012,7.88059895833333
"Colorado",2013,7.09309895833333
"Colorado",2014,5.19895833333333
"Colorado",2015,4.02643229166667
"Colorado",2016,3.41614583333333
"Connecticut",1990,5.15104166666667
"Connecticut",1991,6.59166666666667
"Connecticut",1992,7.48333333333333
"Connecticut",1993,6.61354166666667
"Connecticut",1994,5.55208333333333
"Connecticut",1995,5.43020833333333
"Connecticut",1996,5.46041666666667
"Connecticut",1997,5.00208333333333
"Connecticut",1998,3.45
"Connecticut",1999,2.78645833333333
"Connecticut",2000,2.30833333333333
"Connecticut",2001,2.97604166666667
"Connecticut",2002,4.14583333333333
"Connecticut",2003,5.2
"Connecticut",2004,4.8125
"Connecticut",2005,4.759375
"Connecticut",2006,4.25833333333333
"Connecticut",2007,4.38333333333333
"Connecticut",2008,5.53854166666667
"Connecticut",2009,7.721875
"Connecticut",2010,8.890625
"Connecticut",2011,8.55416666666667
"Connecticut",2012,8.13229166666667
"Connecticut",2013,7.55
"Connecticut",2014,6.440625
"Connecticut",2015,5.48958333333333
"Connecticut",2016,5.128125
"Delaware",1990,4.38333333333333
"Delaware",1991,5.91111111111111
"Delaware",1992,5.29722222222222
"Delaware",1993,5.25277777777778
"Delaware",1994,5
"Delaware",1995,4.46388888888889
"Delaware",1996,4.96666666666667
"Delaware",1997,4.07222222222222
"Delaware",1998,3.83055555555556
"Delaware",1999,3.675
"Delaware",2000,3.84722222222222
"Delaware",2001,3.56666666666667
"Delaware",2002,3.94444444444444
"Delaware",2003,4.14722222222222
"Delaware",2004,3.79722222222222
"Delaware",2005,3.93333333333333
"Delaware",2006,3.43055555555556
"Delaware",2007,3.4
"Delaware",2008,4.96666666666667
"Delaware",2009,8.23055555555556
"Delaware",2010,8.56388888888889
"Delaware",2011,7.725
"Delaware",2012,7.40277777777778
"Delaware",2013,6.92777777777778
"Delaware",2014,5.89722222222222
"Delaware",2015,5.04444444444444
"Delaware",2016,4.43055555555556
"Hawaii",1990,3.6375
"Hawaii",1991,4.1375
"Hawaii",1992,7.12291666666667
"Hawaii",1993,7.45208333333333
"Hawaii",1994,8.36458333333333
"Hawaii",1995,8.40833333333333
"Hawaii",1996,8.55208333333333
"Hawaii",1997,8.31875
"Hawaii",1998,7.725
"Hawaii",1999,6.50833333333333
"Hawaii",2000,4.47291666666667
"Hawaii",2001,4.8
"Hawaii",2002,4.3875
"Hawaii",2003,4.2625
"Hawaii",2004,3.53541666666667
"Hawaii",2005,2.94166666666667
"Hawaii",2006,2.67916666666667
"Hawaii",2007,2.96041666666667
"Hawaii",2008,4.90208333333333
"Hawaii",2009,8.78541666666667
"Hawaii",2010,8.27291666666667
"Hawaii",2011,8.075
"Hawaii",2012,6.86458333333333
"Hawaii",2013,5.4625
"Hawaii",2014,4.74791666666667
"Hawaii",2015,3.92916666666667
"Hawaii",2016,3.41458333333333
"Idaho",1990,6.32140151515152
"Idaho",1991,7.31401515151515
"Idaho",1992,7.52708333333333
"Idaho",1993,7.3625
"Idaho",1994,6.48484848484848
"Idaho",1995,6.37007575757576
"Idaho",1996,6.40681818181818
"Idaho",1997,6.32518939393939
"Idaho",1998,6.3155303030303
"Idaho",1999,6.12746212121212
"Idaho",2000,5.62272727272727
"Idaho",2001,5.94375
"Idaho",2002,6.25833333333333
"Idaho",2003,6.38409090909091
"Idaho",2004,5.74204545454545
"Idaho",2005,4.6875
"Idaho",2006,4.10719696969697
"Idaho",2007,3.43844696969697
"Idaho",2008,5.37291666666667
"Idaho",2009,8.80397727272727
"Idaho",2010,9.52613636363636
"Idaho",2011,8.99545454545455
"Idaho",2012,7.85738636363636
"Idaho",2013,6.84223484848485
"Idaho",2014,5.43162878787879
"Idaho",2015,4.7032196969697
"Idaho",2016,4.36780303030303
"Illinois",1990,6.57589869281046
"Illinois",1991,7.50408496732026
"Illinois",1992,7.98235294117647
"Illinois",1993,7.45261437908497
"Illinois",1994,5.96830065359477
"Illinois",1995,5.3203431372549
"Illinois",1996,5.75661764705882
"Illinois",1997,5.01495098039216
"Illinois",1998,4.64477124183007
"Illinois",1999,4.55964052287582
"Illinois",2000,4.55996732026144
"Illinois",2001,5.20008169934641
"Illinois",2002,5.89583333333333
"Illinois",2003,6.60482026143791
"Illinois",2004,6.07540849673203
"Illinois",2005,5.44174836601307
"Illinois",2006,4.71364379084967
"Illinois",2007,5.17197712418301
"Illinois",2008,6.60204248366013
"Illinois",2009,9.94297385620915
"Illinois",2010,9.89517973856209
"Illinois",2011,9.07704248366013
"Illinois",2012,8.55294117647059
"Illinois",2013,8.91029411764706
"Illinois",2014,6.95196078431373
"Illinois",2015,6.15580065359477
"Illinois",2016,6.28080065359477
"Indiana",1990,6.02373188405797
"Indiana",1991,6.73143115942029
"Indiana",1992,7.15135869565217
"Indiana",1993,5.83161231884058
"Indiana",1994,5.27907608695652
"Indiana",1995,5.01929347826087
"Indiana",1996,4.56675724637681
"Indiana",1997,3.9973731884058
"Indiana",1998,3.45724637681159
"Indiana",1999,3.38541666666667
"Indiana",2000,3.32717391304348
"Indiana",2001,4.49166666666667
"Indiana",2002,5.3161231884058
"Indiana",2003,5.48396739130435
"Indiana",2004,5.56141304347826
"Indiana",2005,5.70570652173913
"Indiana",2006,5.22409420289855
"Indiana",2007,4.70742753623188
"Indiana",2008,6.15326086956522
"Indiana",2009,10.913134057971
"Indiana",2010,10.7071557971014
"Indiana",2011,9.29003623188406
"Indiana",2012,8.45480072463768
"Indiana",2013,7.75045289855072
"Indiana",2014,5.95615942028985
"Indiana",2015,4.81186594202899
"Indiana",2016,4.61585144927536
"Iowa",1990,4.35690235690236
"Iowa",1991,4.70765993265993
"Iowa",1992,4.53686868686869
"Iowa",1993,4.18190235690236
"Iowa",1994,3.76776094276094
"Iowa",1995,3.7709595959596
"Iowa",1996,3.80622895622896
"Iowa",1997,3.3266835016835
"Iowa",1998,3.01060606060606
"Iowa",1999,2.80193602693603
"Iowa",2000,2.79427609427609
"Iowa",2001,3.48981481481481
"Iowa",2002,4.09528619528619
"Iowa",2003,4.65959595959596
"Iowa",2004,4.57011784511784
"Iowa",2005,4.4246632996633
"Iowa",2006,3.83367003367003
"Iowa",2007,3.8496632996633
"Iowa",2008,4.38796296296296
"Iowa",2009,6.79436026936027
"Iowa",2010,6.12643097643098
"Iowa",2011,5.57222222222222
"Iowa",2012,5.02777777777778
"Iowa",2013,4.73771043771044
"Iowa",2014,4.20867003367003
"Iowa",2015,3.67727272727273
"Iowa",2016,3.87508417508417
"Kansas",1990,3.44150793650794
"Kansas",1991,3.66801587301587
"Kansas",1992,3.85388888888889
"Kansas",1993,4.19452380952381
"Kansas",1994,4.20507936507937
"Kansas",1995,3.95849206349206
"Kansas",1996,3.92436507936508
"Kansas",1997,3.62238095238095
"Kansas",1998,3.35674603174603
"Kansas",1999,3.04349206349206
"Kansas",2000,3.30968253968254
"Kansas",2001,3.87634920634921
"Kansas",2002,4.23111111111111
"Kansas",2003,4.43261904761905
"Kansas",2004,4.70888888888889
"Kansas",2005,4.37753968253968
"Kansas",2006,3.81992063492063
"Kansas",2007,3.80388888888889
"Kansas",2008,4.01373015873016
"Kansas",2009,5.66396825396825
"Kansas",2010,6.0084126984127
"Kansas",2011,5.61738095238095
"Kansas",2012,5.04722222222222
"Kansas",2013,4.6918253968254
"Kansas",2014,4.02293650793651
"Kansas",2015,3.95626984126984
"Kansas",2016,3.97873015873016
"Kentucky",1990,7.27451388888889
"Kentucky",1991,8.98069444444444
"Kentucky",1992,8.316875
"Kentucky",1993,7.53118055555556
"Kentucky",1994,6.51527777777778
"Kentucky",1995,6.68340277777778
"Kentucky",1996,6.83416666666667
"Kentucky",1997,6.69277777777778
"Kentucky",1998,5.91472222222222
"Kentucky",1999,5.80381944444444
"Kentucky",2000,4.94229166666667
"Kentucky",2001,5.91909722222222
"Kentucky",2002,6.3175
"Kentucky",2003,6.87375
"Kentucky",2004,6.08020833333333
"Kentucky",2005,6.57263888888889
"Kentucky",2006,6.38777777777778
"Kentucky",2007,6.13722222222222
"Kentucky",2008,7.17638888888889
"Kentucky",2010,11.4534027777778
"Kentucky",2011,10.4955555555556
"Kentucky",2012,9.35722222222222
"Kentucky",2013,9.45180555555556
"Kentucky",2014,7.56548611111111
"Kentucky",2015,6.51361111111111
"Kentucky",2016,6.358125
"Louisiana",1990,6.1046875
"Louisiana",1991,8.3996875
"Louisiana",1992,8.990625
"Louisiana",1993,9.1046875
"Louisiana",1994,8.303125
"Louisiana",1996,7.34375
"Louisiana",1997,7.48125
"Louisiana",1999,6.728125
"Louisiana",2000,6.078125
"Louisiana",2003,8.4484375
"Louisiana",2004,6.91822916666667
"Louisiana",2005,7.6265625
"Louisiana",2008,5.88828125
"Louisiana",2009,7.6453125
"Louisiana",2010,9.0196875
"Louisiana",2011,8.93385416666667
"Louisiana",2012,8.05017361111111
"Louisiana",2013,7.673828125
"Louisiana",2014,7.24488636363636
"Louisiana",2015,7.3748046875
"Louisiana",2016,7.2244140625
"Maine",1990,5.73229166666667
"Maine",1991,7.98802083333333
"Maine",1992,7.82291666666667
"Maine",1993,7.86041666666667
"Maine",1994,7.69479166666667
"Maine",1995,6.69270833333333
"Maine",1996,5.9578125
"Maine",1997,5.94635416666667
"Maine",1998,5.32864583333333
"Maine",1999,4.80260416666667
"Maine",2000,3.85989583333333
"Maine",2001,4.3265625
"Maine",2002,4.86041666666667
"Maine",2003,5.57239583333333
"Maine",2004,5.203125
"Maine",2005,5.5515625
"Maine",2006,5.19427083333333
"Maine",2007,5.34739583333333
"Maine",2008,6.2078125
"Maine",2009,8.98229166666667
"Maine",2010,8.728125
"Maine",2011,8.58541666666667
"Maine",2012,8.18802083333333
"Maine",2013,7.29791666666667
"Maine",2014,6.23541666666667
"Maine",2015,4.91666666666667
"Maine",2016,4.24375
"Maryland",1990,5.72326388888889
"Maryland",1991,7.43680555555556
"Maryland",1992,8.22048611111111
"Maryland",1993,7.23611111111111
"Maryland",1994,6.23090277777778
"Maryland",1995,6.05451388888889
"Maryland",1996,6.26597222222222
"Maryland",1997,6.09444444444444
"Maryland",1998,5.36319444444444
"Maryland",1999,4.31076388888889
"Maryland",2000,3.92430555555556
"Maryland",2001,4.33194444444444
"Maryland",2002,4.62152777777778
"Maryland",2003,4.71319444444444
"Maryland",2004,4.48020833333333
"Maryland",2005,4.36215277777778
"Maryland",2006,4.13506944444444
"Maryland",2007,3.80104166666667
"Maryland",2008,4.67291666666667
"Maryland",2009,7.659375
"Maryland",2010,8.50277777777778
"Maryland",2011,8.09652777777778
"Maryland",2012,7.73472222222222
"Maryland",2013,7.29826388888889
"Maryland",2014,6.43506944444444
"Maryland",2015,5.77881944444444
"Maryland",2016,4.90902777777778
"Massachusetts",1990,6.21071428571429
"Massachusetts",1991,8.69285714285714
"Massachusetts",1992,8.51190476190476
"Massachusetts",1993,7.125
"Massachusetts",1994,6.20952380952381
"Massachusetts",1995,5.40535714285714
"Massachusetts",1996,4.63511904761905
"Massachusetts",1997,4.16785714285714
"Massachusetts",1998,3.51785714285714
"Massachusetts",1999,3.32559523809524
"Massachusetts",2000,2.73333333333333
"Massachusetts",2001,3.5375
"Massachusetts",2002,4.78035714285714
"Massachusetts",2003,5.27202380952381
"Massachusetts",2004,4.88214285714286
"Massachusetts",2005,4.67857142857143
"Massachusetts",2006,4.73809523809524
"Massachusetts",2007,4.50119047619048
"Massachusetts",2008,5.43333333333333
"Massachusetts",2009,8.02440476190476
"Massachusetts",2010,8.78571428571429
"Massachusetts",2011,7.80833333333333
"Massachusetts",2012,7.18571428571429
"Massachusetts",2013,7.22559523809524
"Massachusetts",2014,6.23333333333333
"Massachusetts",2015,5.42559523809524
"Massachusetts",2016,4.14047619047619
"Michigan",1990,8.86044176706827
"Michigan",1991,10.4482931726908
"Michigan",1992,10.6700803212851
"Michigan",1993,9.22590361445783
"Michigan",1994,8.51134538152611
"Michigan",1995,7.76124497991968
"Michigan",1996,6.84618473895582
"Michigan",1997,5.95993975903614
"Michigan",1998,5.21154618473896
"Michigan",1999,4.9644578313253
"Michigan",2000,4.74096385542169
"Michigan",2001,6.39116465863454
"Michigan",2002,7.25542168674699
"Michigan",2003,8.01787148594378
"Michigan",2004,7.83825301204819
"Michigan",2005,7.58323293172691
"Michigan",2006,7.98433734939759
"Michigan",2007,8.06746987951807
"Michigan",2008,8.68755020080321
"Michigan",2009,13.6686746987952
"Michigan",2010,13.353313253012
"Michigan",2011,11.3816265060241
"Michigan",2012,10.116265060241
"Michigan",2013,9.98303212851406
"Michigan",2014,8.32734939759036
"Michigan",2015,5.93975903614458
"Michigan",2016,5.56656626506024
"Minnesota",1990,6.08879310344828
"Minnesota",1991,6.44099616858238
"Minnesota",1992,6.48611111111111
"Minnesota",1993,6.352969348659
"Minnesota",1994,5.43659003831418
"Minnesota",1995,5.15862068965517
"Minnesota",1996,5.55392720306513
"Minnesota",1997,4.71714559386973
"Minnesota",1998,3.99032567049808
"Minnesota",1999,4.05057471264368
"Minnesota",2000,3.99588122605364
"Minnesota",2001,4.3889846743295
"Minnesota",2002,4.83544061302682
"Minnesota",2003,5.28773946360153
"Minnesota",2004,5.14645593869732
"Minnesota",2005,4.61312260536398
"Minnesota",2006,4.57662835249042
"Minnesota",2007,5.17116858237548
"Minnesota",2008,5.9735632183908
"Minnesota",2009,8.03036398467433
"Minnesota",2010,7.68323754789272
"Minnesota",2011,6.85277777777778
"Minnesota",2012,5.93611111111111
"Minnesota",2013,5.45201149425287
"Minnesota",2014,4.75919540229885
"Minnesota",2015,4.35124521072797
"Minnesota",2016,4.57126436781609
"Mississippi",1990,8.83810975609756
"Mississippi",1991,10.1779471544715
"Mississippi",1992,9.4135162601626
"Mississippi",1993,7.80721544715447
"Mississippi",1994,7.61067073170732
"Mississippi",1995,7.60680894308943
"Mississippi",1996,7.65376016260163
"Mississippi",1997,7.11778455284553
"Mississippi",1998,6.72642276422764
"Mississippi",1999,6.86432926829268
"Mississippi",2000,6.29390243902439
"Mississippi",2001,6.67642276422764
"Mississippi",2002,7.81178861788618
"Mississippi",2003,7.50619918699187
"Mississippi",2004,7.28221544715447
"Mississippi",2005,8.19237804878049
"Mississippi",2006,7.18831300813008
"Mississippi",2007,7.14674796747967
"Mississippi",2008,7.73475609756098
"Mississippi",2009,11.1477642276423
"Mississippi",2010,12.025406504065
"Mississippi",2011,11.5082317073171
"Mississippi",2012,10.4359756097561
"Mississippi",2013,10.2060975609756
"Mississippi",2014,8.97337398373984
"Mississippi",2015,7.71920731707317
"Mississippi",2016,6.98861788617886
"Missouri",1990,6.54036231884058
"Missouri",1991,7.31913043478261
"Missouri",1992,7.13557971014493
"Missouri",1993,7.67572463768116
"Missouri",1994,6.00594202898551
"Missouri",1995,5.67471014492754
"Missouri",1996,5.85072463768116
"Missouri",1997,5.285
"Missouri",1998,4.875
"Missouri",1999,3.83231884057971
"Missouri",2000,3.97652173913043
"Missouri",2001,5.05413043478261
"Missouri",2002,5.64746376811594
"Missouri",2003,5.87086956521739
"Missouri",2004,5.91702898550725
"Missouri",2005,5.49391304347826
"Missouri",2006,4.98405797101449
"Missouri",2007,5.33289855072464
"Missouri",2008,6.25768115942029
"Missouri",2009,9.27601449275362
"Missouri",2010,10.1611594202899
"Missouri",2011,9.08898550724638
"Missouri",2012,7.49333333333333
"Missouri",2013,7.17173913043478
"Missouri",2014,6.55413043478261
"Missouri",2015,5.42326086956522
"Missouri",2016,5.07978260869565
"Montana",1990,5.30580357142857
"Montana",1991,6.38928571428571
"Montana",1992,6.26681547619048
"Montana",1993,5.60699404761905
"Montana",1994,5.26875
"Montana",1995,5.82247023809524
"Montana",1996,5.46220238095238
"Montana",1997,5.43080357142857
"Montana",1998,5.94747023809524
"Montana",1999,5.75967261904762
"Montana",2000,5.2735119047619
"Montana",2001,4.72708333333333
"Montana",2002,4.7110119047619
"Montana",2003,4.9735119047619
"Montana",2004,5.03809523809524
"Montana",2005,4.68645833333333
"Montana",2006,3.76830357142857
"Montana",2007,3.85342261904762
"Montana",2008,5.11622023809524
"Montana",2009,6.40327380952381
"Montana",2010,6.58869047619048
"Montana",2011,6.49151785714286
"Montana",2012,5.65089285714286
"Montana",2013,5.31875
"Montana",2014,4.67782738095238
"Montana",2015,4.2889880952381
"Montana",2016,4.41845238095238
"Nebraska",1990,2.00277777777778
"Nebraska",1991,2.37069892473118
"Nebraska",1992,2.57885304659498
"Nebraska",1993,2.59614695340502
"Nebraska",1994,2.62643369175627
"Nebraska",1995,2.78010752688172
"Nebraska",1996,2.89202508960573
"Nebraska",1997,2.54731182795699
"Nebraska",1998,2.68145161290323
"Nebraska",1999,2.9241935483871
"Nebraska",2000,2.87598566308244
"Nebraska",2001,3.02123655913979
"Nebraska",2002,3.35878136200717
"Nebraska",2003,3.60681003584229
"Nebraska",2004,3.53629032258065
"Nebraska",2005,3.46155913978495
"Nebraska",2006,2.93181003584229
"Nebraska",2007,2.87060931899642
"Nebraska",2008,3.20887096774194
"Nebraska",2009,4.24964157706093
"Nebraska",2010,4.32562724014337
"Nebraska",2011,4.07876344086022
"Nebraska",2012,3.7247311827957
"Nebraska",2013,3.65743727598566
"Nebraska",2014,3.09471326164875
"Nebraska",2015,2.87786738351255
"Nebraska",2016,3.08664874551971
"Nevada",1990,5.26127450980392
"Nevada",1991,5.66078431372549
"Nevada",1992,7.03970588235294
"Nevada",1993,8.275
"Nevada",1994,8.01470588235294
"Nevada",1995,6.8406862745098
"Nevada",1996,6.45980392156863
"Nevada",1997,5.57107843137255
"Nevada",1998,5.83823529411765
"Nevada",1999,5.36421568627451
"Nevada",2000,4.75147058823529
"Nevada",2001,5.48921568627451
"Nevada",2002,5.34264705882353
"Nevada",2003,4.97696078431373
"Nevada",2004,4.40735294117647
"Nevada",2005,4.36911764705882
"Nevada",2006,4.43921568627451
"Nevada",2007,4.52647058823529
"Nevada",2008,6.3843137254902
"Nevada",2009,9.53872549019608
"Nevada",2010,12.1083333333333
"Nevada",2011,11.6269607843137
"Nevada",2012,10.2348039215686
"Nevada",2013,8.96764705882353
"Nevada",2014,7.60343137254902
"Nevada",2015,6.86127450980392
"Nevada",2016,5.94607843137255
"New Hampshire",1990,5.67666666666667
"New Hampshire",1991,7.33083333333333
"New Hampshire",1992,7.20333333333333
"New Hampshire",1993,5.97666666666667
"New Hampshire",1994,4.48916666666667
"New Hampshire",1995,3.86416666666667
"New Hampshire",1996,3.88333333333333
"New Hampshire",1997,3.43083333333333
"New Hampshire",1998,2.785
"New Hampshire",1999,2.67916666666667
"New Hampshire",2000,2.67916666666667
"New Hampshire",2001,3.34583333333333
"New Hampshire",2002,4.17
"New Hampshire",2003,3.99666666666667
"New Hampshire",2004,3.55666666666667
"New Hampshire",2005,3.4025
"New Hampshire",2006,3.33583333333333
"New Hampshire",2007,3.50666666666667
"New Hampshire",2008,3.85083333333333
"New Hampshire",2009,6.17416666666667
"New Hampshire",2010,5.79666666666667
"New Hampshire",2011,5.39
"New Hampshire",2012,5.43333333333333
"New Hampshire",2013,4.96166666666667
"New Hampshire",2014,4.23333333333333
"New Hampshire",2015,3.4225
"New Hampshire",2016,2.75916666666667
"New Jersey",1990,5.1031746031746
"New Jersey",1991,6.83650793650794
"New Jersey",1992,8.48531746031746
"New Jersey",1993,7.7484126984127
"New Jersey",1994,7.00674603174603
"New Jersey",1995,6.58452380952381
"New Jersey",1996,6.38730158730159
"New Jersey",1997,5.49166666666667
"New Jersey",1998,4.90873015873016
"New Jersey",1999,4.76031746031746
"New Jersey",2000,3.80238095238095
"New Jersey",2001,4.31904761904762
"New Jersey",2002,5.77936507936508
"New Jersey",2003,5.8765873015873
"New Jersey",2004,4.90555555555556
"New Jersey",2005,4.5797619047619
"New Jersey",2006,4.84206349206349
"New Jersey",2007,4.4484126984127
"New Jersey",2008,5.52936507936508
"New Jersey",2009,9.3031746031746
"New Jersey",2010,9.95079365079365
"New Jersey",2011,9.81468253968254
"New Jersey",2012,9.80039682539683
"New Jersey",2013,8.65277777777778
"New Jersey",2014,7.19563492063492
"New Jersey",2015,6.0515873015873
"New Jersey",2016,5.23253968253968
"New Mexico",1990,8.2280303030303
"New Mexico",1991,8.74494949494949
"New Mexico",1992,8.97146464646465
"New Mexico",1993,8.00707070707071
"New Mexico",1994,8.01944444444444
"New Mexico",1995,8.3010101010101
"New Mexico",1996,8.96060606060606
"New Mexico",1997,7.88055555555556
"New Mexico",1998,7.37424242424242
"New Mexico",1999,6.75656565656566
"New Mexico",2000,5.70656565656566
"New Mexico",2001,5.6270202020202
"New Mexico",2002,5.95959595959596
"New Mexico",2003,6.41641414141414
"New Mexico",2004,6.07449494949495
"New Mexico",2005,5.5969696969697
"New Mexico",2006,4.52474747474747
"New Mexico",2007,4.0510101010101
"New Mexico",2008,4.68409090909091
"New Mexico",2009,7.58838383838384
"New Mexico",2010,8.71489898989899
"New Mexico",2011,8.23787878787879
"New Mexico",2012,7.74520202020202
"New Mexico",2013,7.59267676767677
"New Mexico",2014,7.32777777777778
"New Mexico",2015,7.24343434343434
"New Mexico",2016,6.93005050505051
"New York",1990,5.42056451612903
"New York",1991,7.39489247311828
"New York",1992,8.16693548387097
"New York",1993,7.32836021505376
"New York",1994,6.83104838709677
"New York",1995,6.31384408602151
"New York",1996,5.90416666666667
"New York",1997,5.92298387096774
"New York",1998,5.44099462365591
"New York",1999,5.32043010752688
"New York",2000,4.27352150537634
"New York",2001,4.53884408602151
"New York",2002,5.46384408602151
"New York",2003,5.68897849462366
"New York",2004,5.50846774193548
"New York",2005,4.94301075268817
"New York",2006,4.65040322580645
"New York",2007,4.70927419354839
"New York",2008,5.77298387096774
"New York",2009,8.22163978494624
"New York",2010,8.61102150537634
"New York",2011,8.42674731182796
"New York",2012,8.65268817204301
"New York",2013,7.70443548387097
"New York",2014,6.31155913978495
"New York",2015,5.58225806451613
"New York",2016,5.00416666666667
"North Carolina",1990,4.932
"North Carolina",1991,6.78433333333333
"North Carolina",1992,7.175
"North Carolina",1993,6.09441666666667
"North Carolina",1994,5.47308333333333
"North Carolina",1995,5.49416666666667
"North Carolina",1996,5.51441666666667
"North Carolina",1997,4.82033333333333
"North Carolina",1998,4.54558333333333
"North Carolina",1999,4.23741666666667
"North Carolina",2000,4.32841666666667
"North Carolina",2001,6.26525
"North Carolina",2002,7.2
"North Carolina",2003,6.80816666666667
"North Carolina",2004,5.89975
"North Carolina",2005,5.68975
"North Carolina",2006,5.18166666666667
"North Carolina",2007,5.14941666666667
"North Carolina",2008,6.71725
"North Carolina",2009,11.2581666666667
"North Carolina",2010,11.7134166666667
"North Carolina",2011,11.3281666666667
"North Carolina",2012,10.3676666666667
"North Carolina",2013,8.97108333333333
"North Carolina",2014,7.0385
"North Carolina",2015,6.4425
"North Carolina",2016,5.68875
"North Dakota",1990,3.94245283018868
"North Dakota",1991,4.71729559748428
"North Dakota",1992,5.44544025157233
"North Dakota",1993,4.78270440251572
"North Dakota",1994,3.94418238993711
"North Dakota",1995,3.53238993710692
"North Dakota",1996,3.41729559748428
"North Dakota",1997,3.09182389937107
"North Dakota",1998,3.52059748427673
"North Dakota",1999,4.03207547169811
"North Dakota",2000,3.45094339622641
"North Dakota",2001,3.38238993710692
"North Dakota",2002,4.16933962264151
"North Dakota",2003,4.15172955974843
"North Dakota",2004,3.96179245283019
"North Dakota",2005,3.95204402515723
"North Dakota",2006,3.8437106918239
"North Dakota",2007,3.72154088050314
"North Dakota",2008,3.6
"North Dakota",2009,4.41540880503145
"North Dakota",2010,3.97751572327044
"North Dakota",2011,3.76839622641509
"North Dakota",2012,3.54198113207547
"North Dakota",2013,3.46462264150943
"North Dakota",2014,3.3124213836478
"North Dakota",2015,3.25283018867925
"North Dakota",2016,3.50534591194969
"Ohio",1990,6.70700757575758
"Ohio",1991,7.62462121212121
"Ohio",1992,8.56287878787879
"Ohio",1993,7.7249053030303
"Ohio",1994,6.42774621212121
"Ohio",1995,5.86070075757576
"Ohio",1996,6.321875
"Ohio",1997,5.89526515151515
"Ohio",1998,5.58200757575758
"Ohio",1999,5.57017045454545
"Ohio",2000,4.65625
"Ohio",2001,4.84223484848485
"Ohio",2002,6.20975378787879
"Ohio",2003,6.81496212121212
"Ohio",2004,6.90748106060606
"Ohio",2005,6.48882575757576
"Ohio",2006,5.82537878787879
"Ohio",2007,5.95397727272727
"Ohio",2008,7.03816287878788
"Ohio",2009,11.6542613636364
"Ohio",2010,11.4318181818182
"Ohio",2011,9.76335227272727
"Ohio",2012,8.07594696969697
"Ohio",2013,8.08494318181818
"Ohio",2014,6.18257575757576
"Ohio",2015,5.31458333333333
"Ohio",2016,5.40984848484849
"Oklahoma",1990,6.2504329004329
"Oklahoma",1991,7.05616883116883
"Oklahoma",1992,6.51893939393939
"Oklahoma",1993,6.3491341991342
"Oklahoma",1994,6.04307359307359
"Oklahoma",1995,5.19945887445887
"Oklahoma",1996,4.78582251082251
"Oklahoma",1997,4.7974025974026
"Oklahoma",1998,5.18441558441558
"Oklahoma",1999,4.220670995671
"Oklahoma",2000,3.27532467532468
"Oklahoma",2001,3.78311688311688
"Oklahoma",2002,4.74967532467532
"Oklahoma",2003,5.52045454545455
"Oklahoma",2004,5.0461038961039
"Oklahoma",2005,4.59837662337662
"Oklahoma",2006,4.06049783549784
"Oklahoma",2007,4.11764069264069
"Oklahoma",2008,3.68506493506493
"Oklahoma",2009,6.47781385281385
"Oklahoma",2010,7.16298701298701
"Oklahoma",2011,6.20378787878788
"Oklahoma",2012,5.52294372294372
"Oklahoma",2013,5.6780303030303
"Oklahoma",2014,4.81980519480519
"Oklahoma",2015,4.7465367965368
"Oklahoma",2016,5.30400432900433
"Oregon",1990,6.73472222222222
"Oregon",1991,7.62638888888889
"Oregon",1992,8.51412037037037
"Oregon",1993,8.53518518518518
"Oregon",1994,6.8900462962963
"Oregon",1995,6.55023148148148
"Oregon",1996,7.68356481481482
"Oregon",1997,7.69189814814815
"Oregon",1998,7.70625
"Oregon",1999,7.03032407407407
"Oregon",2000,6.21712962962963
"Oregon",2001,7.4837962962963
"Oregon",2002,7.9912037037037
"Oregon",2003,8.61898148148148
"Oregon",2004,7.96157407407407
"Oregon",2005,6.88981481481482
"Oregon",2006,5.98842592592593
"Oregon",2007,5.70300925925926
"Oregon",2008,7.22384259259259
"Oregon",2009,11.6842592592593
"Oregon",2010,11.4023148148148
"Oregon",2011,10.5956018518519
"Oregon",2012,10.0516203703704
"Oregon",2013,9.09189814814815
"Oregon",2014,7.86296296296296
"Oregon",2015,6.55162037037037
"Oregon",2016,5.64953703703704
"Pennsylvania",1990,6.49975124378109
"Pennsylvania",1991,8.21380597014925
"Pennsylvania",1992,8.64838308457711
"Pennsylvania",1993,7.68221393034826
"Pennsylvania",1994,7.0592039800995
"Pennsylvania",1995,6.58221393034826
"Pennsylvania",1996,6.36355721393035
"Pennsylvania",1997,6.0568407960199
"Pennsylvania",1998,5.38805970149254
"Pennsylvania",1999,5.03171641791045
"Pennsylvania",2000,4.4660447761194
"Pennsylvania",2001,5.38606965174129
"Pennsylvania",2002,6.05223880597015
"Pennsylvania",2003,6.06666666666667
"Pennsylvania",2004,5.77400497512438
"Pennsylvania",2005,5.27773631840796
"Pennsylvania",2006,4.85149253731343
"Pennsylvania",2007,4.7202736318408
"Pennsylvania",2008,5.70572139303483
"Pennsylvania",2009,8.79129353233831
"Pennsylvania",2010,8.92089552238806
"Pennsylvania",2011,8.12325870646766
"Pennsylvania",2012,8.00485074626866
"Pennsylvania",2013,7.69514925373134
"Pennsylvania",2014,6.10995024875622
"Pennsylvania",2015,5.4726368159204
"Pennsylvania",2016,5.90373134328358
"Rhode Island",1990,5.985
"Rhode Island",1991,8.10833333333333
"Rhode Island",1992,8.505
"Rhode Island",1993,7.49166666666667
"Rhode Island",1994,6.52166666666667
"Rhode Island",1995,5.81666666666667
"Rhode Island",1996,4.99
"Rhode Island",1997,4.725
"Rhode Island",1998,4.16833333333333
"Rhode Island",1999,3.705
"Rhode Island",2000,3.77833333333333
"Rhode Island",2001,4.08
"Rhode Island",2002,4.55166666666667
"Rhode Island",2003,4.84
"Rhode Island",2004,4.74666666666667
"Rhode Island",2005,4.66166666666667
"Rhode Island",2006,4.57333333333333
"Rhode Island",2007,4.78333333333333
"Rhode Island",2008,7.18833333333333
"Rhode Island",2009,10.2083333333333
"Rhode Island",2010,10.435
"Rhode Island",2011,10.28
"Rhode Island",2012,9.65666666666667
"Rhode Island",2013,8.585
"Rhode Island",2014,7.12833333333333
"Rhode Island",2015,5.52833333333333
"Rhode Island",2016,4.945
"South Carolina",1990,5.99601449275362
"South Carolina",1991,7.68894927536232
"South Carolina",1992,8.07952898550725
"South Carolina",1993,8.94420289855072
"South Carolina",1994,7.92789855072464
"South Carolina",1995,6.83786231884058
"South Carolina",1996,7.55615942028986
"South Carolina",1997,6.07807971014493
"South Carolina",1998,5.275
"South Carolina",1999,5.97989130434783
"South Carolina",2000,4.52699275362319
"South Carolina",2001,6.34692028985507
"South Carolina",2002,6.90235507246377
"South Carolina",2003,8.25905797101449
"South Carolina",2004,8.04329710144927
"South Carolina",2005,7.95525362318841
"South Carolina",2006,7.75380434782609
"South Carolina",2007,7.0106884057971
"South Carolina",2008,8.37173913043478
"South Carolina",2009,13.2715579710145
"South Carolina",2010,13.1507246376812
"South Carolina",2011,12.5860507246377
"South Carolina",2012,11.093115942029
"South Carolina",2013,9.21286231884058
"South Carolina",2014,7.5929347826087
"South Carolina",2015,7.03967391304348
"South Carolina",2016,5.94528985507246
"South Dakota",1990,4.31022727272727
"South Dakota",1991,4.26616161616162
"South Dakota",1992,4.18724747474747
"South Dakota",1993,4.30656565656566
"South Dakota",1994,4.24065656565657
"South Dakota",1995,3.97676767676768
"South Dakota",1996,4.15138888888889
"South Dakota",1997,3.89431818181818
"South Dakota",1998,3.77449494949495
"South Dakota",1999,3.82512626262626
"South Dakota",2000,3.11590909090909
"South Dakota",2001,3.6729797979798
"South Dakota",2002,3.65997474747475
"South Dakota",2003,4.00366161616162
"South Dakota",2004,4.2199494949495
"South Dakota",2005,4.4790404040404
"South Dakota",2006,3.73106060606061
"South Dakota",2007,3.46426767676768
"South Dakota",2008,3.60429292929293
"South Dakota",2009,5.17563131313131
"South Dakota",2010,5.24936868686869
"South Dakota",2011,5.21578282828283
"South Dakota",2012,4.83661616161616
"South Dakota",2013,4.39406565656566
"South Dakota",2014,4.02563131313131
"South Dakota",2015,3.65643939393939
"South Dakota",2016,3.19835858585859
"Tennessee",1990,6.71657894736842
"Tennessee",1991,8.53614035087719
"Tennessee",1992,8.06315789473684
"Tennessee",1993,7.34833333333333
"Tennessee",1994,6.1830701754386
"Tennessee",1995,6.76649122807018
"Tennessee",1996,7.1840350877193
"Tennessee",1997,7.35526315789474
"Tennessee",1998,6.01149122807018
"Tennessee",1999,5.41149122807018
"Tennessee",2000,4.60149122807018
"Tennessee",2001,5.56921052631579
"Tennessee",2002,6.17973684210526
"Tennessee",2003,6.72359649122807
"Tennessee",2004,6.21078947368421
"Tennessee",2005,6.60666666666667
"Tennessee",2006,6.13982456140351
"Tennessee",2007,5.4959649122807
"Tennessee",2008,7.84114035087719
"Tennessee",2009,12.5034210526316
"Tennessee",2010,11.314298245614
"Tennessee",2011,10.4471052631579
"Tennessee",2012,9.17157894736842
"Tennessee",2013,9.10456140350877
"Tennessee",2014,7.61324561403509
"Tennessee",2015,6.73798245614035
"Tennessee",2016,5.41929824561404
"Texas",1990,5.58946850393701
"Texas",1991,6.23076490438695
"Texas",1992,7.35798650168729
"Texas",1993,7.16384514435696
"Texas",1994,6.44803149606299
"Texas",1995,5.95439632545932
"Texas",1996,5.87864173228346
"Texas",1997,5.73070866141732
"Texas",1998,5.60708661417323
"Texas",1999,5.51095800524934
"Texas",2000,4.69675196850394
"Texas",2001,4.97831066571224
"Texas",2002,6.10423228346457
"Texas",2003,6.34304461942257
"Texas",2004,5.97263779527559
"Texas",2006,4.9744750656168
"Texas",2007,4.09025590551181
"Texas",2010,7.97329396325459
"Texas",2011,7.49829396325459
"Texas",2012,6.57845894263217
"Texas",2013,6.11046587926509
"Texas",2014,4.9505905511811
"Texas",2015,4.7752624671916
"Texas",2016,5.10479002624672
"Utah",1990,5.88333333333333
"Utah",1991,6.4867816091954
"Utah",1992,6.72816091954023
"Utah",1993,5.73534482758621
"Utah",1994,5.84913793103448
"Utah",1995,5.59655172413793
"Utah",1996,5.16005747126437
"Utah",1997,4.64683908045977
"Utah",1998,5.01551724137931
"Utah",1999,4.92672413793103
"Utah",2000,4.18103448275862
"Utah",2001,5.04454022988506
"Utah",2002,6.11580459770115
"Utah",2003,6.16350574712644
"Utah",2004,5.54913793103448
"Utah",2005,4.63764367816092
"Utah",2006,3.44597701149425
"Utah",2007,2.99425287356322
"Utah",2008,4.03103448275862
"Utah",2009,7.83534482758621
"Utah",2010,8.53936781609195
"Utah",2011,7.59252873563218
"Utah",2012,6.35229885057471
"Utah",2013,5.59885057471264
"Utah",2014,4.76781609195402
"Utah",2015,4.7985632183908
"Utah",2016,4.90689655172414
"Vermont",1990,5.71071428571429
"Vermont",1991,7.39761904761905
"Vermont",1992,6.84821428571429
"Vermont",1993,5.94404761904762
"Vermont",1994,5.32678571428571
"Vermont",1995,5.07916666666667
"Vermont",1996,5.19107142857143
"Vermont",1997,4.64940476190476
"Vermont",1998,4.05059523809524
"Vermont",1999,3.59047619047619
"Vermont",2000,3.10595238095238
"Vermont",2001,3.5922619047619
"Vermont",2002,4.325
"Vermont",2003,4.5827380952381
"Vermont",2004,3.91309523809524
"Vermont",2005,3.72678571428571
"Vermont",2006,3.925
"Vermont",2007,4.3702380952381
"Vermont",2008,5.075
"Vermont",2009,7.11309523809524
"Vermont",2010,6.75595238095238
"Vermont",2011,6.14761904761905
"Vermont",2012,5.63869047619048
"Vermont",2013,4.96785714285714
"Vermont",2014,4.52261904761905
"Vermont",2015,4.21488095238095
"Vermont",2016,3.7327380952381
"Virginia",1990,5.92274436090226
"Virginia",1991,7.62418546365915
"Virginia",1992,7.78840852130326
"Virginia",1993,6.46115288220551
"Virginia",1994,6.04392230576441
"Virginia",1995,5.73934837092732
"Virginia",1996,5.78947368421053
"Virginia",1997,4.96190476190476
"Virginia",1998,3.90125313283208
"Virginia",1999,3.63483709273183
"Virginia",2000,2.84580200501253
"Virginia",2001,3.81735588972431
"Virginia",2002,4.88026315789474
"Virginia",2003,4.83045112781955
"Virginia",2004,4.51848370927318
"Virginia",2005,4.29082706766917
"Virginia",2006,3.74310776942356
"Virginia",2007,3.71503759398496
"Virginia",2008,4.32368421052632
"Virginia",2010,8.48045112781955
"Virginia",2011,7.74317042606516
"Virginia",2012,7.09022556390977
"Virginia",2013,6.66672932330827
"Virginia",2014,6.00363408521303
"Virginia",2015,5.140664160401
"Virginia",2016,4.63038847117794
"Washington",1990,7.39508547008547
"Washington",1991,8.52713675213675
"Washington",1992,9.5482905982906
"Washington",1993,9.62286324786325
"Washington",1994,8.82371794871795
"Washington",1995,8.53311965811966
"Washington",1996,8.31944444444444
"Washington",1997,6.95747863247863
"Washington",1998,6.9965811965812
"Washington",1999,6.87286324786325
"Washington",2000,6.73995726495726
"Washington",2001,7.93675213675214
"Washington",2002,8.43611111111111
"Washington",2003,8.48205128205128
"Washington",2004,7.30982905982906
"Washington",2005,6.68418803418803
"Washington",2006,6.33653846153846
"Washington",2007,6.11623931623932
"Washington",2008,6.63910256410256
"Washington",2009,9.98525641025641
"Washington",2010,10.7724358974359
"Washington",2011,10.3514957264957
"Washington",2012,9.54380341880342
"Washington",2013,8.76538461538462
"Washington",2014,7.40769230769231
"Washington",2015,6.83568376068376
"Washington",2016,6.91175213675214
"West Virginia",1990,10.0510606060606
"West Virginia",1991,12.4272727272727
"West Virginia",1992,12.6989393939394
"West Virginia",1993,12.005303030303
"West Virginia",1994,10.3825757575758
"West Virginia",1995,9.67878787878788
"West Virginia",1996,9.08363636363636
"West Virginia",1997,8.24181818181818
"West Virginia",1998,8.13984848484849
"West Virginia",1999,8.02787878787879
"West Virginia",2000,6.18272727272727
"West Virginia",2001,5.5669696969697
"West Virginia",2002,6.5980303030303
"West Virginia",2003,6.75454545454545
"West Virginia",2004,5.84666666666667
"West Virginia",2005,5.65681818181818
"West Virginia",2006,5.46545454545455
"West Virginia",2007,5.14227272727273
"West Virginia",2008,4.92015151515151
"West Virginia",2009,8.80030303030303
"West Virginia",2010,9.74712121212121
"West Virginia",2011,8.98893939393939
"West Virginia",2012,8.44984848484848
"West Virginia",2013,7.68348484848485
"West Virginia",2014,7.52166666666667
"West Virginia",2015,7.74378787878788
"West Virginia",2016,7.02393939393939
"Wisconsin",1990,5.25578703703704
"Wisconsin",1991,6.65983796296296
"Wisconsin",1992,6.30752314814815
"Wisconsin",1993,5.89571759259259
"Wisconsin",1994,5.57881944444444
"Wisconsin",1995,4.796875
"Wisconsin",1996,4.56759259259259
"Wisconsin",1997,4.53715277777778
"Wisconsin",1998,4.29525462962963
"Wisconsin",1999,3.90763888888889
"Wisconsin",2000,3.98680555555556
"Wisconsin",2001,4.98425925925926
"Wisconsin",2002,5.74722222222222
"Wisconsin",2003,6.04247685185185
"Wisconsin",2004,5.39884259259259
"Wisconsin",2005,5.1568287037037
"Wisconsin",2006,5.215625
"Wisconsin",2007,5.39328703703704
"Wisconsin",2008,5.41284722222222
"Wisconsin",2009,9.16076388888889
"Wisconsin",2010,9.38946759259259
"Wisconsin",2011,8.46886574074074
"Wisconsin",2012,7.66064814814815
"Wisconsin",2013,7.37002314814815
"Wisconsin",2014,6.01493055555556
"Wisconsin",2015,5.12662037037037
"Wisconsin",2016,4.69108796296296
"Wyoming",1990,4.92608695652174
"Wyoming",1991,5.0268115942029
"Wyoming",1992,5.50471014492754
"Wyoming",1993,5.225
"Wyoming",1994,4.85869565217391
"Wyoming",1995,4.76086956521739
"Wyoming",1996,4.79130434782609
"Wyoming",1997,4.66086956521739
"Wyoming",1998,4.72391304347826
"Wyoming",1999,4.66811594202899
"Wyoming",2000,3.94528985507246
"Wyoming",2001,3.87717391304348
"Wyoming",2002,4.15688405797101
"Wyoming",2003,4.34275362318841
"Wyoming",2004,3.86449275362319
"Wyoming",2005,3.71159420289855
"Wyoming",2006,3.27608695652174
"Wyoming",2007,2.94021739130435
"Wyoming",2008,3.15760869565217
"Wyoming",2009,6.31557971014493
"Wyoming",2010,6.18188405797101
"Wyoming",2011,5.62789855072464
"Wyoming",2012,5.19927536231884
"Wyoming",2013,4.66195652173913
"Wyoming",2014,4.12173913043478
"Wyoming",2015,4.06884057971014
"Wyoming",2016,4.96992753623188
